{
    "best_params": {
        "units": 100,
        "batch": 6,
        "epochs": 221,
        "learning_rate": 0.00794641145908575
    },
    "results": {
        "MSE": 9380.978977412313,
        "RMSE": 96.85545404060792,
        "MAE": 73.01559727707189,
        "MAPE": 1.6931293942937218,
        "R2": 0.9429815451098009
    },
    "time_step": 1,
    "seed": 42,
    "saved_date": "2025-12-23 17:40:12"
}